document_id,image_path,word_count_gt,word_count_ocr,precision,recall,f1_score,character_accuracy,true_positives,false_positives,false_negatives
a6c91153-4402-4449-9738-debe80131709,raw/a6c91153-4402-4449-9738-debe80131709--file%3A%2F%2F%2Fprivate%2Fvar%2Ffolders%2Fgb%2Fd2rz0yr907x6sl234fhp7mbm0000gn%2FT%2Ftmpmq2nvf5f%2Fdataset%2Ftesting_data%2Fimages%2F82092117.png,171,156,0.743801652892562,0.7563025210084033,0.75,0.9772727272727273,90,31,29
8cceef7f-2e7b-4e57-a66b-2364194afa24,raw/8cceef7f-2e7b-4e57-a66b-2364194afa24--file%3A%2F%2F%2Fprivate%2Fvar%2Ffolders%2Fgb%2Fd2rz0yr907x6sl234fhp7mbm0000gn%2FT%2Ftmpmq2nvf5f%2Fdataset%2Ftesting_data%2Fimages%2F82200067_0069.png,98,59,0.6458333333333334,0.4626865671641791,0.5391304347826088,0.8958333333333334,31,17,36
