{
  "timestamp": "2026-02-03T23:48:02.288394",
  "corpus": "/Users/ryan.porter/Projects/Biblicus/corpora/funsd_demo",
  "results": {
    "heron": {
      "f1": 0.5185162173076086,
      "recall": 0.8099709245125242,
      "precision": 0.3836570081379158,
      "wer": 5.323777115678556,
      "seq_acc": 0.012019738874526445,
      "bigram": 0.561480056816257
    },
    "paddleocr": {
      "f1": 0.6009386880486625,
      "recall": 0.7324487822324726,
      "precision": 0.5226711891357787,
      "wer": 3.0560639982054965,
      "seq_acc": 0.042745594733999484,
      "bigram": 0.49065427918310167
    },
    "baseline": {
      "f1": 0.6072843202661438,
      "recall": 0.5992724615693936,
      "precision": 0.6255081563853031,
      "wer": 0.627676995981824,
      "seq_acc": 0.01264967367994974,
      "bigram": 0.34975804965879437
    }
  }
}